kod_produktu;sklad
 - ;100
 - ;100
16/8mm expanded mesh;100
1x2;5 glazing
1xPMMA;100
1xPMMA;100
1xPMMA;100
1xPMMA;100
22/12mm expanded mesh;100
2x2;5 glazing
2xPMMA;100
2xPMMA;100
2xPMMA;100
2xPMMA;100
2xPMMA - TB;100
2xPMMA - TB;100
2xPMMA - TB;100
2xPMMA - TB;100
3x2;5 glazing
3xPMMA - TB;100
3xPMMA - TB;100
4*xxxx;100
4*xxxx*01;100
4*xxxx*02;100
4*xxxx*03;100
4*xxxx*04;100
4*xxxx*05;100
4*xxxx*06;100
4x2;5 glazing
4xPMMA - TB;100
4xPMMA - TB;100
5*xxxx;100
5*xxxx*01;100
5*xxxx*02;100
5*xxxx*03;100
5*xxxx*04;100
5*xxxx*05;100
5*xxxx*06;100
6*xxxx*01;100
6*xxxx*02;100
6*xxxx*03;100
6*xxxx*04;100
6*xxxx*05;100
6*xxxx*06;100
L-1 1/4p-152-10;5-xx
L-1 1/4p-152-10-xx;100
L-1 1/4p-152-11;5-xx
L-1 1/4p-152-11-xx;100
L-1 1/4p-152-7;5-xx
L-1 1/4p-152-8;5-xx
L-1 1/4p-152-8-xx;100
L-1 1/4p-152-9;5-xx
L-1 1/4p-152-9-xx;100
L-1p-152-10;5-xx
L-1p-152-10-xx;100
L-1p-152-11;5-xx
L-1p-152-11-xx;100
L-1p-152-7;5-xx
L-1p-152-8;5-xx
L-1p-152-8-xx;100
L-1p-152-9;5-xx
L-1p-152-9-xx;100
L-51-5;5-xx
L-51-5-xx;100
L-51-6;5-xx
L-51-6-xx;100
L-51-7-xx;100
L-67-5;5-xx
L-67-6;5-xx
L-67-6-xx;100
L-67-7;5-xx
L-67-7-xx;100
L-95-6;5-xx
L-95-7;5-xx
L-95-7-xx;100
L-95-8;5-xx
L-95-8-xx;100
L-95-9;5-xx
L-95-9-xx;100
L-T09-030-80-0002;100
R09-600;100
R-1 1/4p-152-10;5-xx
R-1 1/4p-152-10-xx;100
R-1 1/4p-152-11;5-xx
R-1 1/4p-152-11-xx;100
R-1 1/4p-152-7;5-xx
R-1 1/4p-152-8;5-xx
R-1 1/4p-152-8-xx;100
R-1 1/4p-152-9;5-xx
R-1 1/4p-152-9-xx;100
R-1p-152-10;5-xx
R-1p-152-10-xx;100
R-1p-152-11;5-xx
R-1p-152-11-xx;100
R-1p-152-7;5-xx
R-1p-152-8;5-xx
R-1p-152-8-xx;100
R-1p-152-9;5-xx
R-1p-152-9-xx;100
R-51-5;5-xx
R-51-5-xx;100
R-51-6;5-xx
R-51-6-xx;100
R-51-7-xx;100
R-67-5;5-xx
R-67-6;5-xx
R-67-6-xx;100
R-67-7;5-xx
R-67-7-xx;100
R-95-6;5-xx
R-95-7;5-xx
R-95-7-xx;100
R-95-8;5-xx
R-95-8-xx;100
R-95-9;5-xx
R-95-9-xx;100
RAL metalic ;100
RAL metalic ;100
RAL perl;100
RAL perl;100
RAL standard;100
RAL standard;100
RAL standard;100
RAL standard;100
RAL standard;100
RAL standard;100
RAL standard;100
RAL standard;100
RAL standard;100
RAL standard;100
RAL standard;100
RAL standard;100
RAL standard;100
SB-NoName-GV;100
SB-NoName-PV;100
SB-TOORS-Guardy;100
SB-TOORS-Indy;100
Stucco - TB;100
Stucco - TB;100
T09;100
T09;100
T09-004-0004;103
T09-005-0001;103
T09-005-0009;103
T09-005-0010;103
T09-005-0012;103
T09-005-0014;103
T09-005-0015;100
T09-005-0031;103
T09-005-0037;103
T09-005-0038;103
T09-005-0039;103
T09-005-0040;103
T09-005-0040;103
T09-005-0043;103
T09-005-0044;103
T09-005-0045;103
T09-005-0046;103
T09-005-0047;103
T09-005-0048;103
T09-005-0049;103
T09-005-0050;103
T09-005-0052;100
T09-005-0053;100
T09-005-0054;100
T09-005-0055;103
T09-005-0056;103
T09-005-0057;103
T09-005-0058;103
T09-005-0062;103
T09-005-0063;103
T09-005-0064;103
T09-005-0065;103
T09-005-0070;103
T09-005-0070;103
T09-005-0077;103
T09-005-0078;103
T09-005-0079;103
T09-005-0080;103
T09-005-0081;103
T09-005-0082;103
T09-005-0083;103
T09-005-0084;103
T09-005-0089;103
T09-005-0090;103
T09-005-0097;103
T09-005-0098;103
T09-005-0099;103
T09-005-0100;103
T09-005-0101;103
T09-005-0103;103
T09-005-0104;103
T09-005-0105;103
T09-005-0106;103
T09-005-0107;103
T09-005-0108;103
T09-005-0109;103
T09-005-0110;103
T09-005-0111;103
T09-005-0112;103
T09-005-0113;103
T09-005-0114;103
T09-005-0115;103
T09-005-0116;103
T09-005-0117;103
T09-005-0118;103
T09-005-0119;103
T09-005-0120;103
T09-005-0121;103
T09-005-0122;103
T09-005-0123;103
T09-005-0124;103
T09-005-0125;103
T09-005-0126;103
T09-005-0127;103
T09-005-0128;103
T09-005-0129;103
T09-005-0130;103
T09-005-0131;103
T09-005-0132;103
T09-005-0133;103
T09-005-0134;103
T09-005-0135;103
T09-005-0136;103
T09-005-0137;103
T09-005-0138;103
T09-005-0139;103
T09-005-0140;103
T09-005-0141;103
T09-005-0142;103
T09-005-0143;103
T09-005-0144;103
T09-005-0145;103
T09-005-0146;103
T09-005-0147;103
T09-005-0148;103
T09-005-0149;103
T09-005-0150;103
T09-005-0151;103
T09-005-0152;103
T09-005-0153;103
T09-005-0154;103
T09-005-0155;103
T09-005-0156;103
T09-005-0157;103
T09-005-0158;103
T09-005-0160;103
T09-005-0161;103
T09-005-0163;103
T09-005-0164;103
T09-005-0165;103
T09-005-0166;103
T09-005-0167;103
T09-005-0169;103
T09-005-0170;103
T09-005-0173;103
T09-005-0173;103
T09-005-0174;103
T09-005-0174;103
T09-005-0175;103
T09-005-0176;103
T09-005-0177;103
T09-005-0178;103
T09-005-0180;103
T09-005-0181;100
T09-005-0212;103
T09-005-0213;103
T09-005-0214;103
T09-005-0215;103
T09-005-0216;103
T09-005-0217;103
T09-005-0218;103
T09-005-0224;103
T09-005-0251;103
T09-005-0252;103
T09-005-0253;103
T09-005-0254;103
T09-005-0255;103
T09-005-0258;103
T09-005-0259;103
T09-005-0260;103
T09-005-0261;103
T09-005-0262;103
T09-005-0263;103
T09-005-0264;103
T09-005-0268;103
T09-005-0269;103
T09-005-0270;103
T09-005-0271;103
T09-005-0272;103
T09-005-0273;103
T09-010-10-0001;100
T09-010-10-0001 (BS);100
T09-010-10-0001 (MS);100
T09-010-10-0001 (TS);100
T09-010-10-0003;100
T09-010-10-0003 (BS);100
T09-010-10-0003 (MS);100
T09-010-10-0003 (TS);100
T09-010-10-0005;100
T09-010-10-0005 (BS);100
T09-010-10-0005 (MS);100
T09-010-10-0005 (TS);100
T09-010-10-0007;100
T09-010-10-0007 (BS);100
T09-010-10-0007 (MS);100
T09-010-10-0007 (TS);100
T09-010-10-0008;100
T09-010-10-0008 (BS);100
T09-010-10-0008 (MS);100
T09-010-10-0008 (TS);100
T09-010-10-0009;100
T09-010-10-0009 (BS);100
T09-010-10-0009 (MS);100
T09-010-10-0009 (TS);100
T09-010-10-0010;100
T09-010-10-0010 (BS);100
T09-010-10-0010 (MS);100
T09-010-10-0010 (TS);100
T09-010-10-0011;100
T09-010-10-0011 (BS);100
T09-010-10-0011 (MS);100
T09-010-10-0011 (TS);100
T09-010-10-0012;100
T09-010-10-0012 (BS);100
T09-010-10-0012 (MS);100
T09-010-10-0012 (TS);100
T09-010-10-0017;100
T09-010-10-0017 (BS);100
T09-010-10-0017 (MS);100
T09-010-10-0017 (TS);100
T09-010-10-0041;100
T09-010-10-0041 (BS);100
T09-010-10-0041 (MS);100
T09-010-10-0041 (TS);100
T09-010-24-0001;100
T09-010-24-0001 (BS);100
T09-010-24-0001 (MS);100
T09-010-24-0001 (TS);100
T09-010-24-0002;100
T09-010-24-0002 (BS);100
T09-010-24-0002 (MS);100
T09-010-24-0002 (TS);100
T09-010-24-0003;100
T09-010-24-0003 (BS);100
T09-010-24-0003 (MS);100
T09-010-24-0003 (TS);100
T09-010-24-0004;100
T09-010-24-0004 (BS);100
T09-010-24-0004 (MS);100
T09-010-24-0004 (TS);100
T09-010-24-0005;100
T09-010-24-0005 (BS);100
T09-010-24-0005 (MS);100
T09-010-24-0005 (TS);100
T09-010-24-0006;100
T09-010-24-0006 (BS);100
T09-010-24-0006 (MS);100
T09-010-24-0006 (TS);100
T09-010-24-0007;100
T09-010-24-0007 (BS);100
T09-010-24-0007 (MS);100
T09-010-24-0007 (TS);100
T09-010-24-0008;100
T09-010-24-0008 (BS);100
T09-010-24-0008 (MS);100
T09-010-24-0008 (TS);100
T09-010-24-0009;100
T09-010-24-0009 (BS);100
T09-010-24-0009 (MS);100
T09-010-24-0009 (TS);100
T09-010-24-0011;100
T09-010-24-0011 (BS);100
T09-010-24-0011 (MS);100
T09-010-24-0011 (TS);100
T09-010-24-0016;100
T09-010-24-0016 (BS);100
T09-010-24-0016 (MS);100
T09-010-24-0016 (TS);100
T09-010-24-0017;100
T09-010-24-0017 (BS);100
T09-010-24-0017 (MS);100
T09-010-24-0017 (TS);100
T09-010-24-0019;100
T09-010-24-0019 (BS);100
T09-010-24-0019 (MS);100
T09-010-24-0019 (TS);100
T09-010-26-00047 (TS);100
T09-010-26-0013;100
T09-010-26-0013 (BS);100
T09-010-26-0013 (MS);100
T09-010-26-0013 (TS);100
T09-010-26-0014;100
T09-010-26-0014 (BS);100
T09-010-26-0014 (MS);100
T09-010-26-0014 (TS);100
T09-010-26-0015;100
T09-010-26-0015 (BS);100
T09-010-26-0015 (MS);100
T09-010-26-0015 (TS);100
T09-010-26-0016;100
T09-010-26-0016 (BS);100
T09-010-26-0016 (MS);100
T09-010-26-0016 (TS);100
T09-010-26-0017;100
T09-010-26-0017 (BS);100
T09-010-26-0017 (MS);100
T09-010-26-0017 (TS);100
T09-010-26-0018;100
T09-010-26-0018 (BS);100
T09-010-26-0018 (MS);100
T09-010-26-0018 (TS);100
T09-010-26-0019;100
T09-010-26-0019 (BS);100
T09-010-26-0019 (MS);100
T09-010-26-0019 (TS);100
T09-010-26-0020;100
T09-010-26-0020 (BS);100
T09-010-26-0020 (MS);100
T09-010-26-0020 (TS);100
T09-010-26-0021;100
T09-010-26-0021 (BS);100
T09-010-26-0021 (BS);100
T09-010-26-0021 (MS);100
T09-010-26-0022;100
T09-010-26-0022 (BS);100
T09-010-26-0022 (MS);100
T09-010-26-0022 (TS);100
T09-010-26-0023;100
T09-010-26-0023 (BS);100
T09-010-26-0023 (MS);100
T09-010-26-0023 (TS);100
T09-010-26-0024;100
T09-010-26-0024 (BS);100
T09-010-26-0024 (MS);100
T09-010-26-0024 (TS);100
T09-010-26-0025;100
T09-010-26-0025 (BS);100
T09-010-26-0025 (MS);100
T09-010-26-0025 (TS);100
T09-010-26-0026;100
T09-010-26-0026 (BS);100
T09-010-26-0026 (MS);100
T09-010-26-0026 (TS);100
T09-010-26-0027;100
T09-010-26-0027 (BS);100
T09-010-26-0027 (MS);100
T09-010-26-0027 (TS);100
T09-010-26-0028;100
T09-010-26-0028 (BS);100
T09-010-26-0028 (MS);100
T09-010-26-0028 (TS);100
T09-010-26-0029;100
T09-010-26-0029 (BS);100
T09-010-26-0029 (MS);100
T09-010-26-0029 (TS);100
T09-010-26-0030;100
T09-010-26-0030 (BS);100
T09-010-26-0030 (MS);100
T09-010-26-0030 (TS);100
T09-010-26-0031;100
T09-010-26-0031 (BS);100
T09-010-26-0031 (MS);100
T09-010-26-0031 (TS);100
T09-010-26-0032;100
T09-010-26-0032 (BS);100
T09-010-26-0032 (MS);100
T09-010-26-0032 (TS);100
T09-010-26-0033;100
T09-010-26-0033 (BS);100
T09-010-26-0033 (MS);100
T09-010-26-0033 (TS);100
T09-010-26-0034;100
T09-010-26-0034 (BS);100
T09-010-26-0034 (MS);100
T09-010-26-0034 (TS);100
T09-010-26-0035;100
T09-010-26-0035 (BS);100
T09-010-26-0035 (MS);100
T09-010-26-0035 (TS);100
T09-010-26-0036;100
T09-010-26-0036 (BS);100
T09-010-26-0036 (MS);100
T09-010-26-0036 (TS);100
T09-010-26-0037;100
T09-010-26-0037 (BS);100
T09-010-26-0037 (MS);100
T09-010-26-0037 (TS);100
T09-010-26-0038;100
T09-010-26-0038 (BS);100
T09-010-26-0038 (MS);100
T09-010-26-0038 (TS);100
T09-010-26-0039;100
T09-010-26-0039 (BS);100
T09-010-26-0039 (MS);100
T09-010-26-0039 (TS);100
T09-010-26-0040;100
T09-010-26-0040 (BS);100
T09-010-26-0040 (MS);100
T09-010-26-0040 (TS);100
T09-010-26-0041;100
T09-010-26-0041 (BS);100
T09-010-26-0041 (MS);100
T09-010-26-0041 (TS);100
T09-010-26-0042;100
T09-010-26-0042;100
T09-010-26-0042 (BS);100
T09-010-26-0042 (BS);100
T09-010-26-0042 (MS);100
T09-010-26-0042 (MS);100
T09-010-26-0042 (TS);100
T09-010-26-0042 (TS);100
T09-010-26-0043;100
T09-010-26-0043 (BS);100
T09-010-26-0043 (MS);100
T09-010-26-0043 (TS);100
T09-010-26-0044;100
T09-010-26-0044 (BS);100
T09-010-26-0044 (MS);100
T09-010-26-0044 (TS);100
T09-010-26-0045;100
T09-010-26-0045 (BS);100
T09-010-26-0045 (MS);100
T09-010-26-0045 (TS);100
T09-010-26-0046;100
T09-010-26-0046 (BS);100
T09-010-26-0046 (MS);100
T09-010-26-0046 (TS);100
T09-010-26-0047;100
T09-010-26-0047 (BS);100
T09-010-26-0047 (MS);100
T09-010-26-0048;100
T09-010-26-0048 (BS);100
T09-010-26-0048 (MS);100
T09-010-26-0048 (TS);100
T09-010-26-0049;100
T09-010-26-0049 (BS);100
T09-010-26-0049 (MS);100
T09-010-26-0049 (TS);100
T09-010-26-0050;100
T09-010-26-0050 (BS);100
T09-010-26-0050 (MS);100
T09-010-26-0050 (TS);100
T09-010-26-0051;100
T09-010-26-0051 (BS);100
T09-010-26-0051 (MS);100
T09-010-26-0051 (TS);100
T09-010-26-0052;100
T09-010-26-0052 (BS);100
T09-010-26-0052 (MS);100
T09-010-26-0052 (TS);100
T09-010-26-0053;100
T09-010-26-0053 (BS);100
T09-010-26-0053 (MS);100
T09-010-26-0053 (TS);100
T09-010-26-0054;100
T09-010-26-0054 (BS);100
T09-010-26-0054 (MS);100
T09-010-26-0054 (TS);100
T09-010-26-0055;100
T09-010-26-0055 (BS);100
T09-010-26-0055 (MS);100
T09-010-26-0055 (TS);100
T09-010-26-0056;100
T09-010-26-0056 (BS);100
T09-010-26-0056 (MS);100
T09-010-26-0056 (TS);100
T09-010-26-0057;100
T09-010-26-0057 (BS);100
T09-010-26-0057 (MS);100
T09-010-26-0057 (TS);100
T09-010-26-0058;100
T09-010-26-0058 (BS);100
T09-010-26-0058 (MS);100
T09-010-26-0058 (TS);100
T09-010-26-0059;100
T09-010-26-0059 (BS);100
T09-010-26-0059 (MS);100
T09-010-26-0059 (TS);100
T09-010-26-0060;100
T09-010-26-0060 (BS);100
T09-010-26-0060 (MS);100
T09-010-26-0060 (TS);100
T09-010-26-0061;100
T09-010-26-0061 (BS);100
T09-010-26-0061 (MS);100
T09-010-26-0061 (TS);100
T09-010-26-0062;100
T09-010-26-0062 (BS);100
T09-010-26-0062 (MS);100
T09-010-26-0062 (TS);100
T09-010-26-0063;100
T09-010-26-0063 (BS);100
T09-010-26-0063 (MS);100
T09-010-26-0063 (TS);100
T09-010-26-0064;100
T09-010-26-0064 (BS);100
T09-010-26-0064 (MS);100
T09-010-26-0064 (TS);100
T09-010-26-0065;100
T09-010-26-0065 (BS);100
T09-010-26-0065 (MS);100
T09-010-26-0065 (TS);100
T09-010-27-0003;100
T09-010-27-0003 (BS);100
T09-010-27-0003 (MS);100
T09-010-27-0003 (TS);100
T09-010-27-0004;100
T09-010-27-0004 (BS);100
T09-010-27-0004 (MS);100
T09-010-27-0004 (TS);100
T09-010-27-0006;100
T09-010-27-0006 (BS);100
T09-010-27-0006 (MS);100
T09-010-27-0006 (TS);100
T09-010-28-0001;100
T09-010-28-0001 (BS);100
T09-010-28-0001 (MS);100
T09-010-28-0001 (TS);100
T09-010-28-0002;100
T09-010-28-0002 (BS);100
T09-010-28-0002 (MS);100
T09-010-28-0002 (TS);100
T09-010-28-0003;100
T09-010-28-0003 (BS);100
T09-010-28-0003 (MS);100
T09-010-28-0003 (TS);100
T09-010-28-0004;100
T09-010-28-0004 (BS);100
T09-010-28-0004 (MS);100
T09-010-28-0004 (TS);100
T09-010-28-0005;100
T09-010-28-0005 (BS);100
T09-010-28-0005 (MS);100
T09-010-28-0005 (TS);100
T09-010-28-0006;100
T09-010-28-0006 (BS);100
T09-010-28-0006 (MS);100
T09-010-28-0006 (TS);100
T09-010-28-0007;100
T09-010-28-0007 (BS);100
T09-010-28-0007 (MS);100
T09-010-28-0007 (TS);100
T09-010-28-0008;100
T09-010-28-0008 (BS);100
T09-010-28-0008 (MS);100
T09-010-28-0008 (TS);100
T09-010-28-0009;100
T09-010-28-0009 (BS);100
T09-010-28-0009 (MS);100
T09-010-28-0009 (TS);100
T09-010-28-0011 (BS);100
T09-010-28-0011 (MS);100
T09-010-28-0011 (TS);100
T09-010-28-0012 (BS);100
T09-010-28-0012 (MS);100
T09-010-28-0012 (TS);100
T09-010-28-0013 (BS);100
T09-010-28-0013 (MS);100
T09-010-28-0013 (TS);100
T09-010-28-0014 (BS);100
T09-010-28-0014 (MS);100
T09-010-28-0014 (TS);100
T09-010-28-0016 (BS);100
T09-010-28-0016 (MS);100
T09-010-28-0016 (TS);100
T09-010-28-0017 (BS);100
T09-010-28-0017 (MS);100
T09-010-28-0017 (TS);100
T09-010-28-0018 (BS);100
T09-010-28-0018 (MS);100
T09-010-28-0018 (TS);100
T09-010-28-0020 (BS);100
T09-010-28-0020 (MS);100
T09-010-28-0020 (TS);100
T09-010-28-0021;100
T09-010-28-0021 (BS);100
T09-010-28-0021 (MS);100
T09-010-28-0021 (TS);100
T09-010-28-0022 (BS);100
T09-010-28-0022 (MS);100
T09-010-28-0022 (TS);100
T09-010-28-0023 (BS);100
T09-010-28-0023 (MS);100
T09-010-28-0023 (TS);100
T09-010-28-0024 (BS);100
T09-010-28-0024 (MS);100
T09-010-28-0024 (TS);100
T09-010-28-0025 (BS);100
T09-010-28-0025 (MS);100
T09-010-28-0025 (TS);100
T09-010-28-0027 (BS);100
T09-010-28-0027 (MS);100
T09-010-28-0027 (TS);100
T09-010-28-0028 (BS);100
T09-010-28-0028 (MS);100
T09-010-28-0028 (TS);100
T09-010-28-0029 (BS);100
T09-010-28-0029 (MS);100
T09-010-28-0029 (TS);100
T09-010-28-0030 (BS);100
T09-010-28-0030 (MS);100
T09-010-28-0030 (TS);100
T09-010-28-0031 (BS);100
T09-010-28-0031 (MS);100
T09-010-28-0031 (TS);100
T09-010-28-0032 (BS);100
T09-010-28-0032 (MS);100
T09-010-28-0032 (TS);100
T09-010-28-0033 (BS);100
T09-010-28-0033 (MS);100
T09-010-28-0033 (TS);100
T09-010-28-0034 (BS);100
T09-010-28-0034 (MS);100
T09-010-28-0034 (TS);100
T09-010-28-0035 (BS);100
T09-010-28-0035 (MS);100
T09-010-28-0035 (TS);100
T09-010-28-0036 (BS);100
T09-010-28-0036 (MS);100
T09-010-28-0036 (TS);100
T09-010-28-0037 (BS);100
T09-010-28-0037 (MS);100
T09-010-28-0037 (TS);100
T09-010-28-0038;100
T09-010-28-0038 (BS);100
T09-010-28-0038 (MS);100
T09-010-28-0038 (TS);100
T09-010-29-0001;100
T09-010-29-0001 (BS);100
T09-010-29-0001 (MS);100
T09-010-29-0001 (TS);100
T09-010-29-0002;100
T09-010-29-0002 (BS);100
T09-010-29-0002 (MS);100
T09-010-29-0002 (TS);100
T09-010-29-0003;100
T09-010-29-0003 (BS);100
T09-010-29-0003 (MS);100
T09-010-29-0003 (TS);100
T09-010-29-0004;100
T09-010-29-0004 (BS);100
T09-010-29-0004 (MS);100
T09-010-29-0004 (TS);100
T09-010-29-0005;100
T09-010-29-0005 (BS);100
T09-010-29-0005 (MS);100
T09-010-29-0005 (TS);100
T09-010-29-0006;100
T09-010-29-0006 (BS);100
T09-010-29-0006 (MS);100
T09-010-29-0006 (TS);100
T09-010-29-0007;100
T09-010-29-0007 (BS);100
T09-010-29-0007 (MS);100
T09-010-29-0007 (TS);100
T09-010-29-0008;100
T09-010-29-0008 (BS);100
T09-010-29-0008 (MS);100
T09-010-29-0008 (TS);100
T09-010-29-0009;100
T09-010-29-0009 (BS);100
T09-010-29-0009 (MS);100
T09-010-29-0009 (TS);100
T09-010-29-0011;100
T09-010-29-0011 (BS);100
T09-010-29-0011 (MS);100
T09-010-29-0011 (TS);100
T09-010-29-0016;100
T09-010-29-0016 (BS);100
T09-010-29-0016 (MS);100
T09-010-29-0016 (TS);100
T09-010-29-0018;100
T09-010-29-0018;100
T09-010-29-0018;100
T09-010-29-0018;100
T09-010-29-0019;100
T09-010-29-0019 (BS);100
T09-010-29-0019 (MS);100
T09-010-29-0019 (TS);100
T09-010-29-0020;100
T09-010-29-0020 (BS);100
T09-010-29-0020 (MS);100
T09-010-29-0020 (TS);100
T09-010-29-0021;100
T09-010-29-0021 (BS);100
T09-010-29-0021 (MS);100
T09-010-29-0021 (TS);100
T09-010-29-0022;100
T09-010-29-0022(BS);100
T09-010-29-0022(TS);100
T09-010-29-0023;100
T09-010-29-0023(BS);100
T09-010-29-0024;100
T09-010-29-0024 (BS);100
T09-010-29-0024 (MS);100
T09-010-29-0024 (TS);100
T09-010-29-0025;100
T09-010-29-0025 (BS);100
T09-010-29-0025 (MS);100
T09-010-29-0025 (TS);100
T09-010-40-0001;100
T09-010-40-0002;100
T09-010-40-0010;100
T09-010-40-0023;100
T09-010-40-0024;100
T09-010-40-0050;100
T09-010-40-0051;100
T09-010-40-0053;100
T09-010-40-0063;100
T09-010-40-0064;100
T09-010-40-0065;100
T09-010-40-0069;100
T09-010-40-0070;100
T09-010-40-0071;100
T09-010-40-0072;100
T09-010-40-0073;100
T09-010-40-0074;100
T09-010-40-0079;100
T09-010-40-0080;100
T09-010-40-0081;100
T09-010-40-0082;100
T09-010-40-0083;100
T09-010-40-0084;100
T09-010-40-0085;100
T09-010-40-0086;100
T09-010-40-0087;100
T09-010-40-0088;100
T09-010-40-0092;100
T09-010-40-0095;100
T09-010-50-0003;100
T09-010-50-0004;100
T09-010-50-0004;100
T09-010-50-0004;100
T09-010-50-0005;100
T09-010-50-0005;100
T09-010-50-0005;100
T09-010-50-0005;100
T09-010-50-0005;100
T09-010-50-0009;100
T09-010-50-0010;100
T09-010-50-0011;100
T09-010-50-0012;100
T09-010-50-0012;100
T09-010-50-0012;100
T09-010-50-0012;100
T09-010-60-0002;100
T09-010-60-0032;100
T09-010-60-0033;100
T09-010-60-0049;100
T09-010-60-0054;100
T09-010-60-0055;100
T09-010-60-0070;100
T09-010-60-0073;100
T09-010-60-0074;100
T09-010-60-0075;100
T09-010-60-0106;100
T09-010-60-0117;100
T09-010-60-0118;100
T09-010-60-0119;100
T09-010-60-0153;100
T09-010-60-0154;100
T09-010-60-0155;100
T09-010-60-0156;100
T09-010-60-0157;100
T09-010-60-0158;100
T09-010-60-0159;100
T09-010-60-0160;100
T09-010-60-0161;100
T09-010-60-0162;100
T09-010-60-0163;100
T09-010-60-0164;100
T09-010-60-0175;100
T09-010-60-0176;100
T09-010-60-0177;100
T09-010-60-0178;100
T09-010-60-0179;100
T09-010-60-0180;100
T09-010-60-0181;100
T09-010-60-0182;100
T09-010-60-0183;100
T09-010-60-0184;100
T09-010-60-0185;100
T09-010-60-0186;100
T09-010-60-0187;100
T09-010-60-0188;100
T09-010-60-0195;100
T09-010-60-0196;100
T09-010-60-0201;100
T09-010-60-0202;100
T09-010-60-0204;100
T09-010-60-0205;100
T09-010-60-0210;100
T09-010-60-0211;100
T09-010-60-0212;100
T09-010-60-0216;100
T09-010-60-0217;100
T09-010-60-0218;100
T09-010-60-0219;100
T09-010-60-0228;100
T09-010-60-0229;100
T09-010-60-0230;100
T09-010-60-0232;100
T09-010-60-0233;100
T09-010-60-0234;100
T09-010-60-0236;100
T09-010-60-0237;100
T09-010-60-0270;100
T09-010-60-0286;100
T09-010-60-0287;100
T09-010-60-0288;100
T09-010-60-0289;100
T09-010-60-0290;100
T09-010-60-0291;100
T09-010-60-0292;100
T09-010-60-0293;100
T09-010-60-0322;100
T09-010-60-0323;100
T09-010-60-0324;100
T09-010-60-0325;100
T09-010-60-0326;100
T09-010-60-0327;100
T09-010-60-0328;100
T09-010-60-0329;100
T09-010-60-0337;100
T09-010-60-0340;100
T09-010-60-0341;100
T09-010-60-0351;100
T09-010-70-0036;100
T09-010-70-0037;100
T09-010-70-0038;100
T09-010-70-0040;100
T09-010-70-0041;100
T09-020-10-0002;100
T09-020-10-0004;100
T09-020-20-0008;100
T09-020-20-0009;100
T09-020-20-0012;100
T09-020-20-0014;100
T09-020-20-0016;100
T09-020-20-0017;100
T09-020-20-0018;100
T09-020-20-0019;100
T09-020-20-0020;100
T09-020-20-0021;100
T09-020-20-0023;100
T09-020-30-0001;100
T09-020-30-0008;100
T09-020-30-0009;100
T09-020-30-0009;100
T09-020-30-0015;100
T09-020-30-0023;100
T09-020-30-0024;100
T09-020-30-0025;100
T09-020-30-0026;100
T09-020-30-0027;100
T09-020-30-0028;100
T09-020-30-0036;100
T09-020-30-0053;100
T09-020-30-0054;100
T09-020-30-0055;100
T09-020-30-0056;100
T09-020-30-0057;100
T09-020-30-0058;100
T09-020-30-0059;100
T09-020-30-0060;100
T09-020-30-0061;100
T09-020-30-0062;100
T09-020-30-0063;100
T09-020-30-0064;100
T09-020-30-0065;100
T09-020-30-0066;100
T09-020-30-0067;100
T09-020-30-0068;100
T09-020-30-0069;100
T09-020-30-0070;100
T09-030-10-0002;100
T09-030-10-0004;100
T09-030-10-0005;100
T09-030-10-0006;100
T09-030-10-0007;100
T09-030-10-0008;100
T09-030-10-0009;100
T09-030-10-0010;100
T09-030-10-0012;100
T09-030-10-0031;100
T09-030-10-0038;100
T09-030-10-0039;100
T09-030-10-0040;100
T09-030-10-0041;100
T09-030-10-0042;100
T09-030-10-0043;100
T09-030-10-0044;100
T09-030-10-0045;100
T09-030-10-0046;100
T09-030-10-0047;100
T09-030-10-0048;100
T09-030-10-0049;100
T09-030-10-0050;100
T09-030-10-0051;100
T09-030-10-0052;100
T09-030-10-0053;100
T09-030-20-0001;100
T09-030-20-0002;100
T09-030-20-0004;100
T09-030-20-0007;100
T09-030-20-0021;100
T09-030-20-0024;100
T09-030-20-0026;100
T09-030-20-0027;100
T09-030-20-0028;100
T09-030-20-0029;100
T09-030-20-0030;100
T09-030-20-0031;100
T09-030-20-0032;100
T09-030-20-0047;100
T09-030-20-0047;100
T09-030-20-0048;100
T09-030-20-0049;100
T09-030-20-0050;100
T09-030-20-0051;100
T09-030-20-0052;100
T09-030-20-0053;100
T09-030-20-0054;100
T09-030-20-0055;100
T09-030-20-0056;100
T09-030-20-0057;100
T09-030-20-0058;100
T09-030-20-0062;100
T09-030-20-0063;100
T09-030-20-0064;100
T09-030-20-0065;100
T09-030-20-0066;100
T09-030-20-0067;100
T09-030-20-0068;100
T09-030-20-0069;100
T09-030-20-0070;100
T09-030-20-0072;100
T09-030-20-0073;100
T09-030-20-0074;100
T09-030-30-0006;100
T09-030-30-0009;100
T09-030-30-0010;100
T09-030-30-0011;100
T09-030-30-0026;100
T09-030-30-0027;100
T09-030-30-0028;100
T09-030-30-0029;100
T09-030-30-0030;100
T09-030-30-0031;100
T09-030-30-0032;100
T09-030-30-0034;100
T09-030-40-0001;100
T09-030-40-0004;100
T09-030-40-0005;100
T09-030-40-0007;100
T09-030-40-0008;100
T09-030-40-0011;100
T09-030-40-0014;100
T09-030-40-0015;100
T09-030-40-0024;100
T09-030-40-0025;100
T09-030-40-0026;100
T09-030-40-0027;100
T09-030-40-0028;100
T09-030-40-0029;100
T09-030-40-0030;100
T09-030-40-0031;100
T09-030-40-0032;100
T09-030-40-0033;100
T09-030-40-0034;100
T09-030-50-0001;100
T09-030-50-0002;100
T09-030-50-0003;100
T09-030-50-0004;100
T09-030-50-0005;100
T09-030-60-0019;100
T09-030-60-0020;100
T09-030-60-0033;100
T09-030-60-0034;100
T09-030-60-0040;100
T09-030-60-0048;100
T09-030-60-0049;100
T09-030-60-0050;100
T09-030-60-0051;100
T09-030-60-0052;100
T09-030-60-0054;100
T09-030-60-0055;100
T09-030-60-0056;100
T09-030-60-0057;100
T09-030-60-0058;100
T09-030-60-0059;100
T09-030-60-0060;100
T09-030-60-0061;100
T09-030-60-0070;100
T09-030-60-0080;100
T09-030-60-0083;100
T09-030-70-0008;100
T09-030-70-0009;100
T09-030-70-0010;100
T09-030-70-0101;100
T09-030-70-0103;100
T09-030-70-0104;100
T09-030-70-0106;100
T09-030-70-0107;100
T09-030-70-0201;100
T09-030-70-0203;100
T09-030-70-0206;100
T09-030-70-0207;100
T09-030-70-0209;100
T09-030-70-0401;100
T09-030-70-0402;100
T09-030-80-0001;100
T09-030-80-0002;100
T09-030-80-0002;100
T09-030-80-0002;100
T09-040-10-0001;100
T09-040-10-0002;100
T09-040-10-0003;100
T09-040-10-0004;100
T09-040-10-0005;100
T09-040-10-0006;100
T09-040-10-0007;100
T09-040-10-0008;100
T09-040-10-0010;100
T09-040-10-0011;100
T09-040-10-0012;100
T09-040-10-0013;100
T09-040-10-0013;100
T09-040-10-0014;100
T09-040-10-0014;100
T09-040-10-0017;100
T09-040-10-0018;100
T09-040-10-0021;100
T09-040-10-0022;100
T09-040-10-0023;100
T09-040-10-0024;100
T09-040-10-0025;100
T09-040-10-0026;100
T09-040-10-0027;100
T09-040-10-0028;100
T09-040-10-0029;100
T09-040-10-0030;100
T09-040-10-0031;100
T09-040-10-0032;100
T09-040-10-0033;100
T09-040-10-0034;100
T09-040-10-0035;100
T09-040-10-0036;100
T09-040-10-0039;100
T09-040-10-0040;100
T09-040-10-0041;100
T09-040-10-0042;100
T09-040-10-0043;100
T09-040-10-0044;100
T09-040-10-0045;100
T09-040-10-0046;100
T09-040-10-0047;100
T09-040-10-0048;100
T09-040-20-0001;100
T09-040-20-0006;100
T09-040-20-0007;100
T09-040-20-0008;100
T09-040-20-0011;100
T09-040-20-0017;100
T09-040-25-0004;100
T09-040-25-0005;100
T09-040-25-0006;100
T09-040-25-0007;100
T09-040-30-0005;100
T09-040-30-0006;100
T09-040-30-0007;100
T09-040-30-0008;100
T09-040-30-0009;100
T09-040-30-0010;100
T09-040-30-0011;100
T09-040-30-0012;100
T09-040-30-0013;100
T09-040-30-0014;100
T09-040-30-0015;100
T09-040-30-0017;100
T09-040-30-0018;100
T09-040-30-0019;100
T09-040-30-0020;100
T09-040-30-0021;100
T09-040-30-0022;100
T09-040-30-0027;100
T09-040-30-0028;100
T09-040-30-0029;100
T09-040-30-0036;100
T09-040-30-0037;100
T09-040-30-0039;100
T09-040-30-0040;100
T09-040-30-0041;100
T09-040-30-0042;100
T09-040-30-0052;100
T09-040-30-0053;100
T09-040-30-0054;100
T09-040-30-0055;100
T09-040-30-0056;100
T09-040-30-0057;100
T09-040-35-0001;100
T09-040-35-0002;100
T09-040-35-0004;100
T09-040-35-0005;100
T09-040-35-0006;100
T09-040-35-0007;100
T09-040-35-0008;100
T09-040-35-0010;100
T09-040-35-0010;100
T09-040-35-0011;100
T09-040-35-0012;100
T09-040-35-0015;100
T09-040-35-0016;100
T09-040-35-0017;100
T09-040-35-0018;100
T09-040-35-0019;100
T09-040-35-0020;100
T09-040-35-0023;100
T09-040-35-0024;100
T09-040-35-0025;100
T09-040-35-0028;100
T09-040-35-0029;100
T09-040-35-0030;100
T09-040-35-0031;100
T09-040-35-0037;100
T09-040-35-0038;100
T09-040-35-0039;100
T09-040-35-0040;100
T09-040-35-0041;100
T09-040-35-0042;100
T09-040-35-0043;100
T09-040-35-0044;100
T09-040-40-0001;100
T09-040-40-0004;100
T09-040-40-0005;100
T09-040-40-0006;100
T09-040-40-0007;100
T09-040-40-0008;100
T09-040-40-0009;100
T09-040-40-0010;100
T09-040-40-0015;103
T09-040-40-0018;100
T09-040-40-0019;100
T09-040-40-0021;100
T09-040-40-0035;100
T09-040-40-0036;100
T09-040-40-0037;103
T09-040-40-0038;100
T09-040-40-0039;100
T09-040-40-0040;100
T09-040-40-0041;100
T09-040-40-0042;100
T09-040-40-0043;100
T09-040-40-0044;100
T09-040-40-0045;103
T09-040-40-0048;100
T09-040-40-0049;100
T09-040-40-0050;100
T09-040-40-0051;100
T09-040-40-0052;100
T09-040-40-0053;100
T09-040-40-0054;100
T09-040-40-0057;100
T09-040-45-0002;100
T09-040-45-0006;100
T09-040-45-0009;100
T09-040-45-0010;100
T09-040-45-0011;100
T09-040-45-0013;100
T09-040-45-0015;100
T09-040-45-0017;100
T09-040-45-0018;100
T09-040-45-0019;100
T09-040-45-0020;100
T09-040-45-0022;100
T09-040-45-0029;100
T09-040-45-0030;100
T09-040-45-0031;100
T09-040-45-0032;100
T09-040-45-0033;100
T09-040-45-0036;100
T09-040-45-0037;100
T09-040-45-0041;100
T09-040-45-0042;100
T09-040-50-0005;100
T09-040-50-0006;100
T09-040-50-0012;100
T09-040-50-0013;100
T09-040-50-0014;100
T09-040-55-0001;100
T09-040-55-0003;100
T09-040-60-0001;100
T09-040-60-0002;100
T09-040-60-0003;100
T09-040-60-0004;100
T09-040-60-0005;100
T09-040-60-0005;100
T09-040-60-0006;100
T09-040-60-0007;100
T09-040-60-0008;100
T09-040-60-0009;100
T09-040-60-0010;100
T09-040-60-0011;100
T09-040-60-0012;100
T09-040-60-0013;100
T09-040-60-0014;100
T09-040-60-0015;100
T09-040-60-0016;100
T09-040-60-0017;100
T09-040-65-0002;100
T09-040-65-0005;100
T09-040-65-0006;100
T09-040-65-0007;100
T09-040-65-0008;100
T09-040-65-0009;100
T09-040-65-0014;100
T09-040-65-0020;100
T09-040-65-0023;100
T09-040-65-0024;100
T09-040-65-0041;103
T09-040-65-0041;103
T09-040-65-0042;100
T09-040-65-0042;100
T09-040-65-0044;100
T09-040-65-0045;100
T09-040-65-0047;100
T09-040-65-0047;100
T09-040-65-0047;100
T09-040-65-0055;100
T09-040-65-0055;100
T09-040-65-0055;100
T09-040-65-0059;100
T09-040-65-0059;100
T09-040-65-0063;100
T09-040-65-0064;100
T09-040-65-0065;100
T09-040-65-0065;100
T09-040-65-0079;100
T09-040-65-0081;100
T09-040-65-0083;100
T09-040-65-0087;100
T09-040-65-0088;100
T09-040-65-0095;100
T09-040-65-0097;100
T09-040-65-0098;100
T09-040-65-0099;100
T09-040-65-0100;100
T09-040-65-0106;100
T09-040-65-0107;100
T09-040-65-0107;100
T09-040-65-0123;100
T09-040-65-0125;100
T09-040-65-0137;100
T09-040-65-0137;100
T09-040-65-0138;100
T09-040-65-0138;100
T09-040-65-0141;100
T09-040-65-0143;100
T09-040-65-0152;100
T09-040-65-0158;100
T09-040-65-0159;100
T09-040-65-0160;100
T09-040-65-0167;100
T09-040-65-0169;100
T09-040-65-0170;100
T09-040-65-0170;100
T09-040-65-0171;100
T09-040-65-0171;100
T09-040-65-0172;100
T09-040-65-0172;100
T09-040-65-0172;100
T09-040-65-0173;100
T09-040-65-0174;100
T09-040-65-0174;100
T09-040-65-0175;100
T09-040-65-0176;100
T09-040-70-0005;100
T09-040-70-0006;100
T09-040-70-0007;100
T09-040-70-0019;100
T09-040-70-0021;100
T09-040-70-0022;100
T09-040-70-0023;100
T09-040-70-0024;100
T09-040-70-0025;100
T09-040-70-0026;100
T09-040-70-0027;100
T09-040-70-0028;100
T09-040-70-0030;100
T09-040-70-0031;100
T09-040-70-0032;100
T09-040-70-0033;100
T09-040-70-0034;100
T09-040-70-0036;100
T09-040-70-0037;100
T09-040-70-0038;100
T09-040-70-0039;100
T09-040-70-0040;100
T09-040-70-0047;100
T09-040-70-0048;100
T09-040-70-0053;100
T09-040-70-0054;100
T09-040-70-0055;100
T09-040-70-0056;100
T09-040-70-0058;100
T09-040-70-0059;100
T09-040-70-0060;100
T09-040-70-0061;100
T09-040-70-0063;100
T09-040-70-0064;100
T09-040-70-0065;100
T09-040-70-0066;100
T09-040-70-0067;100
T09-040-70-0068;100
T09-040-70-0083;100
T09-040-70-0084;100
T09-040-70-0085;100
T09-040-70-0086;100
T09-040-70-0087;100
T09-040-70-0089;100
T09-040-70-0090;100
T09-040-70-0094;100
T09-040-70-0096;100
T09-040-70-0098;100
T09-040-70-0106;100
T09-040-70-0107;100
T09-040-70-0127;100
T09-040-70-0134;100
T09-040-70-0137;100
T09-040-70-0142;100
T09-040-70-0143;100
T09-040-70-0144;100
T09-040-70-0145;100
T09-040-70-0146;100
T09-040-70-0147;100
T09-040-70-0148;100
T09-040-70-0149;100
T09-040-70-0151;100
T09-040-70-0151;100
T09-040-70-0165;100
T09-040-70-0173;100
T09-040-70-0177;100
T09-040-70-0183;100
T09-040-70-0184;100
T09-040-70-0185;100
T09-040-70-0186;100
T09-040-70-0187;100
T09-040-70-0188;100
T09-040-70-0189;100
T09-040-70-0190;100
T09-040-70-0191;100
T09-040-70-0192;100
T09-040-70-0193;100
T09-040-70-0194;100
T09-040-70-0199;100
T09-040-70-0199;100
T09-040-70-0199;100
T09-040-70-0203;100
T09-040-70-0204;100
T09-040-70-0211;100
T09-040-70-0243;100
T09-040-70-0244;100
T09-040-70-0272;100
T09-040-70-0300;100
T09-040-70-0301;100
T09-040-70-0302;100
T09-040-70-0303;100
T09-040-70-0304;100
T09-040-70-0305;100
T09-040-70-0306;100
T09-040-70-0307;100
T09-040-70-0331;100
T09-040-70-0335;100
T09-040-70-0340;100
T09-040-70-0341;100
T09-040-70-0342;100
T09-040-70-0344  ;100
T09-040-70-0346;100
T09-040-70-0352 ;100
T09-040-70-0353;100
T09-040-80-0008;100
T09-040-80-0009;100
T09-040-80-0010;100
T09-040-80-0011;100
T09-040-80-0012;100
T09-040-80-0013;100
T09-040-80-0014;100
T09-040-80-0015;100
T09-040-80-0021;100
T09-040-80-0022;100
T09-040-80-0023;100
T09-040-80-0024;100
T09-040-80-0025;100
T09-040-80-0027;100
T09-040-80-0028;100
T09-040-80-0029;100
T09-040-80-0030;100
T09-040-80-0031;100
T09-040-80-0032;100
T09-040-80-0033;100
T09-040-80-0034;100
T09-040-80-0035;100
T09-040-80-0036;100
T09-040-80-0037;100
T09-040-80-0038;100
T09-040-90-0006;100
T09-050-10-0016;100
T09-050-10-0017;100
T09-050-10-0017;100
T09-050-10-0028;100
T09-050-10-0029;100
T09-050-10-0030;100
T09-050-10-0030;100
T09-050-10-0032;100
T09-050-10-0032;100
T09-050-10-0041;100
T09-050-11-0009;200
T09-050-11-0010;200
T09-050-11-0011;200
T09-050-11-0012;100
T09-050-11-0013;100
T09-050-11-0015;100
T09-050-11-0016;100
T09-050-11-0017;100
T09-050-11-0018;100
T09-050-11-0019;100
T09-050-11-0020;100
T09-050-11-0032;100
T09-050-12-0001;100
T09-050-12-0001;100
T09-050-12-0002;100
T09-050-12-0002;100
T09-050-12-0003;100
T09-050-12-0003;100
T09-050-12-0004;100
T09-050-12-0004;100
T09-050-12-0005;100
T09-050-12-0005;100
T09-050-12-0006;100
T09-050-12-0006;100
T09-050-12-0007;100
T09-050-12-0007;100
T09-050-12-0008;100
T09-050-12-0008;100
T09-050-12-0009;100
T09-050-12-0009;100
T09-050-12-0010;100
T09-050-12-0010;100
T09-050-13-0001;100
T09-050-13-0002;100
T09-050-13-0004;100
T09-050-13-0004;100
T09-050-13-0005;100
T09-050-13-0006;100
T09-050-13-0007;100
T09-050-13-0008;100
T09-050-13-0009;100
T09-050-13-0010;100
T09-050-13-0011;100
T09-050-13-0012;100
T09-050-13-0013;100
T09-050-13-0014;100
T09-050-13-0015;100
T09-050-13-0016;100
T09-050-13-0017;100
T09-050-13-0018;100
T09-050-13-0019;100
T09-050-13-0020;100
T09-050-13-0021;100
T09-050-13-0025;100
T09-050-13-0026;100
T09-050-13-0027 ;100
T09-050-13-0028 ;100
T09-050-13-0029;100
T09-050-13-0030;100
T09-050-13-0031;100
T09-050-13-0032;100
T09-050-13-0033;100
T09-050-14-0001;103
T09-050-14-0002;103
T09-050-14-0003;100
T09-050-14-0004;100
T09-050-14-0005;100
T09-050-14-0006;100
T09-050-14-0007;100
T09-050-14-0007;100
T09-050-14-0008;100
T09-050-14-0009;100
T09-050-14-0010;100
T09-050-14-0011;100
T09-050-15-0005;100
T09-050-15-0006;200
T09-050-15-0007;100
T09-050-15-0008;200
T09-050-15-0009;100
T09-050-15-0010;100
T09-050-15-0011;100
T09-050-15-0012;100
T09-050-16-0001;100
T09-050-16-0001;100
T09-050-16-0002;100
T09-050-16-0003;100
T09-050-16-0004;100
T09-050-16-0004;100
T09-050-16-0005;100
T09-050-16-0006;100
T09-050-20-0019;100
T09-050-20-0019;100
T09-050-20-0021;100
T09-050-20-0021;100
T09-050-20-0022;100
T09-050-20-0023;100
T09-050-20-0024;100
T09-050-20-0025;100
T09-050-20-0027;100
T09-050-20-0030;100
T09-050-20-0108;200
T09-050-20-0109;200
T09-050-20-0111;200
T09-050-20-0112;200
T09-050-20-0113;100
T09-050-20-0114;100
T09-050-20-0115;100
T09-050-20-0116;100
T09-050-20-0117;100
T09-050-20-0118;100
T09-050-20-0119;100
T09-050-20-0119;100
t09-050-20-0120;100
t09-050-20-0120;100
T09-050-20-0121;100
T09-050-20-0122;100
T09-050-20-0123;100
T09-050-20-0124;100
T09-050-20-0125;100
T09-050-20-0126;100
T09-050-20-0134;100
T09-050-20-0134;100
T09-050-20-0135;100
T09-050-20-0135 ;100
T09-050-20-0136;100
T09-050-20-0136;100
T09-050-20-0137;100
T09-050-20-0137;100
T09-050-20-0138;100
T09-050-20-0138;100
T09-050-20-0138;100
T09-050-20-0139;100
T09-050-20-0139;100
T09-050-30-0001;100
T09-050-30-0001;100
T09-050-30-0003;100
T09-050-30-0003;100
T09-050-30-0006;100
T09-050-30-0008;100
T09-050-30-0008;100
T09-050-30-0009;100
T09-050-30-0134;100
T09-050-30-0134;100
T09-050-30-0135;100
T09-050-30-0135;100
T09-050-30-0136;100
T09-050-30-0136;100
T09-050-30-0137;100
T09-050-30-0137;100
T09-050-30-0138;100
T09-050-30-0138;100
T09-050-40-0006;100
T09-050-40-0006;100
T09-050-40-0009;100
T09-050-40-0010;100
T09-050-40-0011;100
T09-050-40-0012;100
T09-050-40-0012;100
T09-050-40-0015;100
T09-050-40-0015;100
T09-050-40-0017;100
T09-050-40-0018;100
T09-050-40-0018;100
T09-050-50-0002;100
T09-050-50-0002;100
T09-050-50-0005;100
T09-050-50-0007;100
T09-050-50-0007;100
T09-050-50-0008;100
T09-050-50-0008;100
T09-050-50-0015;100
T09-050-50-0020;100
T09-050-50-0020;100
T09-050-50-0021;100
T09-050-50-0021;100
T09-050-50-0022;100
T09-050-50-0022;100
T09-050-50-0023;100
T09-050-50-0023;100
T09-050-50-0024;100
T09-050-50-0024;100
T09-050-50-0025;100
T09-050-50-0025;100
T09-050-50-0030;100
T09-050-50-0031;100
T09-050-50-0032;100
T09-050-50-0039;100
T09-050-50-0040;100
T09-050-50-0040;100
T09-050-50-0041;100
T09-050-50-0041;100
T09-050-50-0042;100
T09-050-50-0042;100
T09-050-50-0043;100
T09-050-50-0044;100
T09-050-60-0001;100
T09-050-60-0001;100
T09-050-60-0010;100
T09-050-60-0010;100
T09-050-60-0017;100
T09-050-60-0018;100
T09-050-60-0018;100
T09-050-60-0019;100
T09-050-60-0019;100
T09-050-60-0020;100
T09-050-60-0021;100
T09-050-60-0022;100
T09-050-60-0022;100
T09-050-60-0023;100
T09-050-60-0023;100
T09-050-60-0024;100
T09-050-60-0024;100
T09-050-60-0114;100
T09-050-60-0114;100
T09-050-60-0115;100
T09-050-60-0116;100
T09-050-60-0118;100
T09-050-80-0016;100
T09-050-80-0018;100
T09-050-80-0019;100
T09-050-80-0020;100
T09-050-80-0021;100
T09-050-80-0022;100
T09-050-80-0023;100
T09-050-80-0024;100
T09-050-80-0025;100
T09-050-80-0026;100
T09-050-80-0028;100
T09-050-80-0029;100
T09-050-80-0030;100
T09-050-80-0035;100
T09-050-80-0036;100
T09-050-80-0037;100
T09-050-80-0038;100
T09-050-80-0039;100
T09-050-80-0040;100
T09-050-80-0042;100
T09-050-80-0045;100
T09-050-80-0047;100
T09-050-80-0048;100
T09-050-80-0051;100
T09-050-80-0051;100
T09-050-80-0051;100
T09-050-80-0052;100
T09-050-80-0053;100
T09-050-80-0054;100
T09-050-80-0054;100
T09-050-80-0054;100
T09-050-80-0055;100
T09-050-80-0055;100
T09-050-80-0056;100
T09-050-80-0056;100
T09-050-80-0057;100
T09-050-80-0057;100
T09-050-80-0058;100
T09-050-80-0196;100
T09-050-80-0197;100
T09-050-80-0198;100
T09-050-80-0199;100
T09-050-80-0200;100
T09-050-80-0201;100
T09-050-80-0202;100
T09-050-80-0203;100
T09-050-80-0204;100
T09-051-10-0009;100
T09-051-10-0010;100
T09-051-10-0015;100
T09-051-10-0016;100
T09-051-10-0017;100
T09-051-10-0018;100
T09-051-10-0021;100
T09-051-10-0032;100
T09-051-10-0033;100
T09-051-10-0034;100
T09-051-10-0035;100
T09-051-10-0036;100
T09-051-10-0037;100
T09-051-10-0038;100
T09-051-10-0039;100
T09-051-10-0040;100
T09-051-10-0041;100
T09-051-10-0042;100
T09-051-10-0043;100
T09-051-10-0045;100
T09-051-10-0046;100
T09-051-10-0048;100
T09-051-20-0001;100
T09-051-20-0002;100
T09-051-20-0003;100
T09-051-20-0010;100
T09-051-20-0011;100
T09-051-20-0012;100
T09-051-20-0020;100
T09-051-20-0021;100
T09-051-20-0022;100
T09-051-20-0023;100
T09-051-20-0024;100
T09-051-20-0025;100
T09-051-20-0026;100
T09-051-20-0028;100
T09-051-40-0002;100
T09-051-40-0003;100
T09-051-40-0004;100
T09-051-40-0006;100
T09-051-40-0007;100
T09-051-50-0001;100
T09-051-50-0001;100
T09-051-50-0002;100
T09-051-50-0002;100
T09-051-50-0003;100
T09-051-50-0005;100
T09-051-50-0006;100
T09-051-50-0007;100
T09-051-50-0008;100
T09-051-50-0010;100
T09-051-50-0012;100
T09-051-50-0012;100
T09-051-50-0014;100
T09-051-50-0014;100
T09-051-50-0015;100
T09-051-50-0016;100
T09-051-50-0017;100
T09-051-50-0019;100
T09-051-50-0020;100
T09-051-50-0021;100
T09-051-50-0023;100
T09-051-50-0024;100
T09-051-50-0025;100
T09-051-50-0025;100
T09-051-60-0001;100
T09-051-80-0006;100
T09-051-80-0007;100
T09-051-80-0007;100
T09-051-80-0011;100
T09-051-80-0012;100
T09-051-80-0013;100
T09-060-10-0018;100
T09-060-10-0019;100
T09-060-10-0029;100
T09-060-10-0030;100
T09-060-10-0030;100
T09-060-10-0043;100
T09-060-10-0043;100
T09-060-10-0050;100
T09-060-10-0050;100
T09-060-10-0066;100
T09-060-10-0066;100
T09-060-10-0082;100
T09-060-10-0090;100
T09-060-10-0090;100
T09-060-10-0095;100
T09-060-10-0096;100
T09-060-10-0096;100
T09-060-10-0097;100
T09-060-10-0097;100
T09-060-20-0009;100
T09-060-20-0014;100
T09-070-10-0051;200
T09-070-10-0052;200
T09-070-10-0053;200
T09-070-10-0054;200
T09-070-10-0055;200
T09-070-10-0056;200
T09-070-10-0057;200
T09-070-10-0058;200
T09-070-10-0059;200
T09-070-10-0060;200
T09-070-10-0061;200
T09-070-10-0062;200
T09-070-10-0063;200
T09-070-10-0064;200
T09-070-10-0065;200
T09-070-10-0066;200
T09-070-10-0067;200
T09-070-10-0068;200
T09-070-10-0069;200
T09-070-10-0070;200
T09-070-10-0071;200
T09-070-10-0072;200
T09-070-10-0073;200
T09-070-10-0074;200
T09-070-10-0075;200
T09-070-10-0076;200
T09-070-10-0077;200
T09-070-10-0078;200
T09-070-10-0079;200
T09-070-20-0051;200
T09-070-20-0052;200
T09-070-20-0053;200
T09-070-20-0054;200
T09-070-20-0055;200
T09-070-20-0056;200
T09-070-20-0057;200
T09-070-20-0058;200
T09-070-20-0059;200
T09-070-20-0060;200
T09-070-20-0061;200
T09-070-20-0062;200
T09-070-20-0063;200
T09-070-20-0064;200
T09-070-20-0065;200
T09-070-20-0066;200
T09-070-20-0067;200
T09-070-20-0068;200
T09-070-20-0069;200
T09-070-20-0070;200
T09-070-20-0071;200
T09-070-20-0072;200
T09-070-20-0073;200
T09-070-20-0074;200
T09-070-20-0075;200
T09-070-20-0076;200
T09-070-20-0077;200
T09-070-20-0078;200
T09-070-20-0079;200
T09-070-20-0080;200
T09-070-30-0001;100
T09-070-30-0002;100
T09-070-30-0003;100
T09-070-30-0004;100
T09-070-30-0005;100
T09-070-30-0006;100
T09-070-30-0007;100
T09-070-30-0008;100
T09-070-30-0009;100
T09-070-30-0010;100
T09-070-30-0011;100
T09-070-30-0012;100
T09-070-30-0013;100
T09-070-30-0014;100
T09-070-30-0015;100
T09-070-30-0016;100
T09-070-30-0017;100
T09-070-30-0018;100
T09-070-30-0019;100
T09-070-30-0020;100
T09-070-30-0021;100
T09-070-30-0022;100
T09-070-30-0023;100
T09-070-30-0024;100
T09-070-30-0025;100
T09-070-30-0026;100
T09-070-30-0027;100
T09-070-30-0028;100
T09-070-30-0029;100
T09-070-30-0030;100
T09-070-30-0031;100
T09-070-30-0032;100
T09-070-30-0033;100
T09-070-30-0034;100
T09-070-30-0035;100
T09-070-30-0036;100
T09-070-30-0037;100
T09-070-30-0038;100
T09-070-30-0039;100
T09-070-30-0040;100
T09-070-30-0041;100
T09-070-30-0042;100
T09-070-30-0043;100
T09-080-20-0001;100
T09-080-20-0002;100
T09-080-20-0003;100
T09-080-20-0004;100
T09-080-20-0020;100
T18-12;100
T39-054-40-0021;100
T39-054-40-0021;100
T39-054-40-0022;100
T39-054-70-0070;100
T39-054-70-0070;100
T39-054-70-0071;100
T39-054-70-0071;100
T39-054-70-0077;100
T39-054-70-0077;100
T39-054-70-0078;100
T39-054-70-0079;100
T39-054-70-0081;100
T39-054-70-0082;100
T39-054-70-0083;100
T39-054-70-0085;100
TEST;100
TEST nového produktu;100
Transport;100
;100
;100
;100
;100
;100
;100
